DateTime,rad
2014-06-01T00:00:00Z,0
2014-06-01T01:00:00Z,0
2014-06-01T02:00:00Z,0
2014-06-01T03:00:00Z,0
2014-06-01T04:00:00Z,0
2014-06-01T05:00:00Z,37
2014-06-01T06:00:00Z,309
2014-06-01T07:00:00Z,529
2014-06-01T08:00:00Z,733
2014-06-01T09:00:00Z,901
2014-06-01T10:00:00Z,1025
2014-06-01T11:00:00Z,1090
2014-06-01T12:00:00Z,1096
2014-06-01T13:00:00Z,1039
2014-06-01T14:00:00Z,924
2014-06-01T15:00:00Z,760
2014-06-01T16:00:00Z,NA
2014-06-01T17:00:00Z,342
2014-06-01T18:00:00Z,126
2014-06-01T19:00:00Z,5
2014-06-01T20:00:00Z,0
2014-06-01T21:00:00Z,0
2014-06-01T22:00:00Z,0
2014-06-01T23:00:00Z,0
2014-06-02T00:00:00Z,0
2014-06-02T01:00:00Z,0
2014-06-02T02:00:00Z,0
2014-06-02T03:00:00Z,0
2014-06-02T04:00:00Z,0
2014-06-02T05:00:00Z,39
2014-06-02T06:00:00Z,317
2014-06-02T07:00:00Z,537
2014-06-02T08:00:00Z,723
2014-06-02T09:00:00Z,918
2014-06-02T10:00:00Z,893
2014-06-02T11:00:00Z,1093
2014-06-02T12:00:00Z,1098
2014-06-02T13:00:00Z,1049
2014-06-02T14:00:00Z,NA
2014-06-02T15:00:00Z,761
2014-06-02T16:00:00Z,562
2014-06-02T17:00:00Z,339
2014-06-02T18:00:00Z,123
2014-06-02T19:00:00Z,NA
2014-06-02T20:00:00Z,0
2014-06-02T21:00:00Z,0
2014-06-02T22:00:00Z,0
2014-06-02T23:00:00Z,0
2014-06-03T00:00:00Z,0
2014-06-03T01:00:00Z,0
2014-06-03T02:00:00Z,0
2014-06-03T03:00:00Z,0
2014-06-03T04:00:00Z,0
2014-06-03T05:00:00Z,40
2014-06-03T06:00:00Z,306
2014-06-03T07:00:00Z,525
2014-06-03T08:00:00Z,728
2014-06-03T09:00:00Z,897
2014-06-03T10:00:00Z,1017
2014-06-03T11:00:00Z,1086
2014-06-03T12:00:00Z,NA
2014-06-03T13:00:00Z,1039
2014-06-03T14:00:00Z,924
2014-06-03T15:00:00Z,760
2014-06-03T16:00:00Z,NA
2014-06-03T17:00:00Z,NA
2014-06-03T18:00:00Z,126
2014-06-03T19:00:00Z,5
2014-06-03T20:00:00Z,0
2014-06-03T21:00:00Z,0
2014-06-03T22:00:00Z,0
2014-06-03T23:00:00Z,0
2014-06-04T00:00:00Z,0
2014-06-04T01:00:00Z,0
2014-06-04T02:00:00Z,0
2014-06-04T03:00:00Z,0
2014-06-04T04:00:00Z,0
2014-06-04T05:00:00Z,39
2014-06-04T06:00:00Z,306
2014-06-04T07:00:00Z,NA
2014-06-04T08:00:00Z,735
2014-06-04T09:00:00Z,NA
2014-06-04T10:00:00Z,1030
2014-06-04T11:00:00Z,1107
2014-06-04T12:00:00Z,1121
2014-06-04T13:00:00Z,NA
2014-06-04T14:00:00Z,947
2014-06-04T15:00:00Z,NA
2014-06-04T16:00:00Z,589
2014-06-04T17:00:00Z,355
2014-06-04T18:00:00Z,142
2014-06-04T19:00:00Z,5
2014-06-04T20:00:00Z,0
2014-06-04T21:00:00Z,0
2014-06-04T22:00:00Z,0
2014-06-04T23:00:00Z,0
2014-06-05T00:00:00Z,0
2014-06-05T01:00:00Z,0
2014-06-05T02:00:00Z,0
2014-06-05T03:00:00Z,0
2014-06-05T04:00:00Z,1
2014-06-05T05:00:00Z,41
2014-06-05T06:00:00Z,305
2014-06-05T07:00:00Z,524
2014-06-05T08:00:00Z,726
2014-06-05T09:00:00Z,895
2014-06-05T10:00:00Z,1049
2014-06-05T11:00:00Z,1218
2014-06-05T12:00:00Z,1145
2014-06-05T13:00:00Z,613
2014-06-05T14:00:00Z,1042
2014-06-05T15:00:00Z,922
2014-06-05T16:00:00Z,638
2014-06-05T17:00:00Z,472
2014-06-05T18:00:00Z,193
2014-06-05T19:00:00Z,8
2014-06-05T20:00:00Z,0
2014-06-05T21:00:00Z,0
2014-06-05T22:00:00Z,0
2014-06-05T23:00:00Z,0
2014-06-06T00:00:00Z,0
2014-06-06T01:00:00Z,NA
2014-06-06T02:00:00Z,0
2014-06-06T03:00:00Z,0
2014-06-06T04:00:00Z,1
2014-06-06T05:00:00Z,36
2014-06-06T06:00:00Z,303
2014-06-06T07:00:00Z,524
2014-06-06T08:00:00Z,812
2014-06-06T09:00:00Z,885
2014-06-06T10:00:00Z,1015
2014-06-06T11:00:00Z,1199
2014-06-06T12:00:00Z,1022
2014-06-06T13:00:00Z,261
2014-06-06T14:00:00Z,563
2014-06-06T15:00:00Z,338
2014-06-06T16:00:00Z,155
2014-06-06T17:00:00Z,87
2014-06-06T18:00:00Z,NA
2014-06-06T19:00:00Z,8
2014-06-06T20:00:00Z,0
2014-06-06T21:00:00Z,0
2014-06-06T22:00:00Z,0
2014-06-06T23:00:00Z,0
2014-06-07T00:00:00Z,0
2014-06-07T01:00:00Z,NA
2014-06-07T02:00:00Z,0
2014-06-07T03:00:00Z,0
2014-06-07T04:00:00Z,0
2014-06-07T05:00:00Z,62
2014-06-07T06:00:00Z,255
2014-06-07T07:00:00Z,480
2014-06-07T08:00:00Z,725
2014-06-07T09:00:00Z,884
2014-06-07T10:00:00Z,NA
2014-06-07T11:00:00Z,1085
2014-06-07T12:00:00Z,1156
2014-06-07T13:00:00Z,1117
2014-06-07T14:00:00Z,NA
2014-06-07T15:00:00Z,173
2014-06-07T16:00:00Z,230
2014-06-07T17:00:00Z,NA
2014-06-07T18:00:00Z,164
2014-06-07T19:00:00Z,1
2014-06-07T20:00:00Z,0
2014-06-07T21:00:00Z,0
2014-06-07T22:00:00Z,0
2014-06-07T23:00:00Z,0
2014-06-08T00:00:00Z,0
2014-06-08T01:00:00Z,0
2014-06-08T02:00:00Z,0
2014-06-08T03:00:00Z,0
2014-06-08T04:00:00Z,0
2014-06-08T05:00:00Z,52
2014-06-08T06:00:00Z,300
2014-06-08T07:00:00Z,522
2014-06-08T08:00:00Z,712
2014-06-08T09:00:00Z,895
2014-06-08T10:00:00Z,1023
2014-06-08T11:00:00Z,1089
2014-06-08T12:00:00Z,1096
2014-06-08T13:00:00Z,1041
2014-06-08T14:00:00Z,924
2014-06-08T15:00:00Z,764
2014-06-08T16:00:00Z,564
2014-06-08T17:00:00Z,344
2014-06-08T18:00:00Z,139
2014-06-08T19:00:00Z,7
2014-06-08T20:00:00Z,0
2014-06-08T21:00:00Z,0
2014-06-08T22:00:00Z,0
2014-06-08T23:00:00Z,NA
2014-06-09T00:00:00Z,0
2014-06-09T01:00:00Z,NA
2014-06-09T02:00:00Z,0
2014-06-09T03:00:00Z,NA
2014-06-09T04:00:00Z,1
2014-06-09T05:00:00Z,NA
2014-06-09T06:00:00Z,NA
2014-06-09T07:00:00Z,513
2014-06-09T08:00:00Z,715
2014-06-09T09:00:00Z,892
2014-06-09T10:00:00Z,NA
2014-06-09T11:00:00Z,1075
2014-06-09T12:00:00Z,NA
2014-06-09T13:00:00Z,NA
2014-06-09T14:00:00Z,459
2014-06-09T15:00:00Z,686
2014-06-09T16:00:00Z,366
2014-06-09T17:00:00Z,161
2014-06-09T18:00:00Z,NA
2014-06-09T19:00:00Z,2
2014-06-09T20:00:00Z,0
2014-06-09T21:00:00Z,0
2014-06-09T22:00:00Z,0
2014-06-09T23:00:00Z,0
2014-06-10T00:00:00Z,0
2014-06-10T01:00:00Z,0
2014-06-10T02:00:00Z,0
2014-06-10T03:00:00Z,0
2014-06-10T04:00:00Z,0
2014-06-10T05:00:00Z,48
2014-06-10T06:00:00Z,301
2014-06-10T07:00:00Z,517
2014-06-10T08:00:00Z,716
2014-06-10T09:00:00Z,879
2014-06-10T10:00:00Z,1002
2014-06-10T11:00:00Z,987
2014-06-10T12:00:00Z,547
2014-06-10T13:00:00Z,888
2014-06-10T14:00:00Z,850
2014-06-10T15:00:00Z,542
2014-06-10T16:00:00Z,236
2014-06-10T17:00:00Z,NA
2014-06-10T18:00:00Z,16
2014-06-10T19:00:00Z,3
2014-06-10T20:00:00Z,0
2014-06-10T21:00:00Z,0
2014-06-10T22:00:00Z,0
2014-06-10T23:00:00Z,0
2014-06-11T00:00:00Z,0
2014-06-11T01:00:00Z,0
2014-06-11T02:00:00Z,0
2014-06-11T03:00:00Z,0
2014-06-11T04:00:00Z,0
2014-06-11T05:00:00Z,NA
2014-06-11T06:00:00Z,NA
2014-06-11T07:00:00Z,524
2014-06-11T08:00:00Z,705
2014-06-11T09:00:00Z,872
2014-06-11T10:00:00Z,1002
2014-06-11T11:00:00Z,1071
2014-06-11T12:00:00Z,624
2014-06-11T13:00:00Z,1128
2014-06-11T14:00:00Z,1026
2014-06-11T15:00:00Z,711
2014-06-11T16:00:00Z,113
2014-06-11T17:00:00Z,NA
2014-06-11T18:00:00Z,155
2014-06-11T19:00:00Z,10
2014-06-11T20:00:00Z,0
2014-06-11T21:00:00Z,NA
2014-06-11T22:00:00Z,NA
2014-06-11T23:00:00Z,0
2014-06-12T00:00:00Z,0
2014-06-12T01:00:00Z,0
2014-06-12T02:00:00Z,0
2014-06-12T03:00:00Z,0
2014-06-12T04:00:00Z,1
2014-06-12T05:00:00Z,28
2014-06-12T06:00:00Z,293
2014-06-12T07:00:00Z,523
2014-06-12T08:00:00Z,730
2014-06-12T09:00:00Z,870
2014-06-12T10:00:00Z,994
2014-06-12T11:00:00Z,980
2014-06-12T12:00:00Z,724
2014-06-12T13:00:00Z,896
2014-06-12T14:00:00Z,928
2014-06-12T15:00:00Z,673
2014-06-12T16:00:00Z,414
2014-06-12T17:00:00Z,364
2014-06-12T18:00:00Z,144
2014-06-12T19:00:00Z,8
2014-06-12T20:00:00Z,0
2014-06-12T21:00:00Z,0
2014-06-12T22:00:00Z,0
2014-06-12T23:00:00Z,0
2014-06-13T00:00:00Z,0
2014-06-13T01:00:00Z,0
2014-06-13T02:00:00Z,0
2014-06-13T03:00:00Z,0
2014-06-13T04:00:00Z,1
2014-06-13T05:00:00Z,39
2014-06-13T06:00:00Z,309
2014-06-13T07:00:00Z,NA
2014-06-13T08:00:00Z,723
2014-06-13T09:00:00Z,NA
2014-06-13T10:00:00Z,1009
2014-06-13T11:00:00Z,1075
2014-06-13T12:00:00Z,1116
2014-06-13T13:00:00Z,1034
2014-06-13T14:00:00Z,935
2014-06-13T15:00:00Z,773
2014-06-13T16:00:00Z,595
2014-06-13T17:00:00Z,395
2014-06-13T18:00:00Z,53
2014-06-13T19:00:00Z,14
2014-06-13T20:00:00Z,0
2014-06-13T21:00:00Z,0
2014-06-13T22:00:00Z,0
2014-06-13T23:00:00Z,0
2014-06-14T00:00:00Z,NA
2014-06-14T01:00:00Z,0
2014-06-14T02:00:00Z,0
2014-06-14T03:00:00Z,0
2014-06-14T04:00:00Z,0
2014-06-14T05:00:00Z,19
2014-06-14T06:00:00Z,NA
2014-06-14T07:00:00Z,530
2014-06-14T08:00:00Z,733
2014-06-14T09:00:00Z,898
2014-06-14T10:00:00Z,1020
2014-06-14T11:00:00Z,1091
2014-06-14T12:00:00Z,1100
2014-06-14T13:00:00Z,1045
2014-06-14T14:00:00Z,679
2014-06-14T15:00:00Z,507
2014-06-14T16:00:00Z,510
2014-06-14T17:00:00Z,235
2014-06-14T18:00:00Z,76
2014-06-14T19:00:00Z,NA
2014-06-14T20:00:00Z,0
2014-06-14T21:00:00Z,0
2014-06-14T22:00:00Z,0
2014-06-14T23:00:00Z,0
2014-06-15T00:00:00Z,0
2014-06-15T01:00:00Z,0
2014-06-15T02:00:00Z,0
2014-06-15T03:00:00Z,0
2014-06-15T04:00:00Z,0
2014-06-15T05:00:00Z,71
2014-06-15T06:00:00Z,258
2014-06-15T07:00:00Z,618
2014-06-15T08:00:00Z,578
2014-06-15T09:00:00Z,813
2014-06-15T10:00:00Z,841
2014-06-15T11:00:00Z,787
2014-06-15T12:00:00Z,468
2014-06-15T13:00:00Z,539
2014-06-15T14:00:00Z,538
2014-06-15T15:00:00Z,558
2014-06-15T16:00:00Z,536
2014-06-15T17:00:00Z,355
2014-06-15T18:00:00Z,198
2014-06-15T19:00:00Z,2
2014-06-15T20:00:00Z,0
2014-06-15T21:00:00Z,0
2014-06-15T22:00:00Z,0
2014-06-15T23:00:00Z,0
2014-06-16T00:00:00Z,0
2014-06-16T01:00:00Z,0
2014-06-16T02:00:00Z,NA
2014-06-16T03:00:00Z,0
2014-06-16T04:00:00Z,0
2014-06-16T05:00:00Z,NA
2014-06-16T06:00:00Z,160
2014-06-16T07:00:00Z,174
2014-06-16T08:00:00Z,514
2014-06-16T09:00:00Z,518
2014-06-16T10:00:00Z,736
2014-06-16T11:00:00Z,491
2014-06-16T12:00:00Z,158
2014-06-16T13:00:00Z,133
2014-06-16T14:00:00Z,109
2014-06-16T15:00:00Z,68
2014-06-16T16:00:00Z,76
2014-06-16T17:00:00Z,109
2014-06-16T18:00:00Z,74
2014-06-16T19:00:00Z,3
2014-06-16T20:00:00Z,0
2014-06-16T21:00:00Z,0
2014-06-16T22:00:00Z,0
2014-06-16T23:00:00Z,0
2014-06-17T00:00:00Z,0
2014-06-17T01:00:00Z,0
2014-06-17T02:00:00Z,0
2014-06-17T03:00:00Z,0
2014-06-17T04:00:00Z,0
2014-06-17T05:00:00Z,47
2014-06-17T06:00:00Z,299
2014-06-17T07:00:00Z,496
2014-06-17T08:00:00Z,NA
2014-06-17T09:00:00Z,312
2014-06-17T10:00:00Z,123
2014-06-17T11:00:00Z,206
2014-06-17T12:00:00Z,111
2014-06-17T13:00:00Z,65
2014-06-17T14:00:00Z,85
2014-06-17T15:00:00Z,274
2014-06-17T16:00:00Z,666
2014-06-17T17:00:00Z,370
2014-06-17T18:00:00Z,159
2014-06-17T19:00:00Z,NA
2014-06-17T20:00:00Z,0
2014-06-17T21:00:00Z,0
2014-06-17T22:00:00Z,0
2014-06-17T23:00:00Z,0
2014-06-18T00:00:00Z,0
2014-06-18T01:00:00Z,0
2014-06-18T02:00:00Z,0
2014-06-18T03:00:00Z,0
2014-06-18T04:00:00Z,1
2014-06-18T05:00:00Z,23
2014-06-18T06:00:00Z,314
2014-06-18T07:00:00Z,528
2014-06-18T08:00:00Z,736
2014-06-18T09:00:00Z,663
2014-06-18T10:00:00Z,1094
2014-06-18T11:00:00Z,1090
2014-06-18T12:00:00Z,1098
2014-06-18T13:00:00Z,1046
2014-06-18T14:00:00Z,935
2014-06-18T15:00:00Z,NA
2014-06-18T16:00:00Z,581
2014-06-18T17:00:00Z,364
2014-06-18T18:00:00Z,160
2014-06-18T19:00:00Z,8
2014-06-18T20:00:00Z,0
2014-06-18T21:00:00Z,0
2014-06-18T22:00:00Z,0
2014-06-18T23:00:00Z,0
2014-06-19T00:00:00Z,0
2014-06-19T01:00:00Z,0
2014-06-19T02:00:00Z,0
2014-06-19T03:00:00Z,0
2014-06-19T04:00:00Z,1
2014-06-19T05:00:00Z,22
2014-06-19T06:00:00Z,311
2014-06-19T07:00:00Z,524
2014-06-19T08:00:00Z,725
2014-06-19T09:00:00Z,893
2014-06-19T10:00:00Z,1015
2014-06-19T11:00:00Z,1058
2014-06-19T12:00:00Z,1093
2014-06-19T13:00:00Z,1042
2014-06-19T14:00:00Z,NA
2014-06-19T15:00:00Z,774
2014-06-19T16:00:00Z,579
2014-06-19T17:00:00Z,365
2014-06-19T18:00:00Z,NA
2014-06-19T19:00:00Z,8
2014-06-19T20:00:00Z,0
2014-06-19T21:00:00Z,0
2014-06-19T22:00:00Z,0
2014-06-19T23:00:00Z,0
2014-06-20T00:00:00Z,0
2014-06-20T01:00:00Z,0
2014-06-20T02:00:00Z,0
2014-06-20T03:00:00Z,0
2014-06-20T04:00:00Z,1
2014-06-20T05:00:00Z,24
2014-06-20T06:00:00Z,356
2014-06-20T07:00:00Z,NA
2014-06-20T08:00:00Z,312
2014-06-20T09:00:00Z,825
2014-06-20T10:00:00Z,1034
2014-06-20T11:00:00Z,NA
2014-06-20T12:00:00Z,1094
2014-06-20T13:00:00Z,1123
2014-06-20T14:00:00Z,667
2014-06-20T15:00:00Z,561
2014-06-20T16:00:00Z,502
2014-06-20T17:00:00Z,NA
2014-06-20T18:00:00Z,50
2014-06-20T19:00:00Z,9
2014-06-20T20:00:00Z,0
2014-06-20T21:00:00Z,0
2014-06-20T22:00:00Z,0
2014-06-20T23:00:00Z,0
2014-06-21T00:00:00Z,NA
2014-06-21T01:00:00Z,0
2014-06-21T02:00:00Z,0
2014-06-21T03:00:00Z,0
2014-06-21T04:00:00Z,0
2014-06-21T05:00:00Z,38
2014-06-21T06:00:00Z,NA
2014-06-21T07:00:00Z,262
2014-06-21T08:00:00Z,463
2014-06-21T09:00:00Z,NA
2014-06-21T10:00:00Z,916
2014-06-21T11:00:00Z,1076
2014-06-21T12:00:00Z,NA
2014-06-21T13:00:00Z,1008
2014-06-21T14:00:00Z,993
2014-06-21T15:00:00Z,542
2014-06-21T16:00:00Z,627
2014-06-21T17:00:00Z,278
2014-06-21T18:00:00Z,82
2014-06-21T19:00:00Z,8
2014-06-21T20:00:00Z,0
2014-06-21T21:00:00Z,0
2014-06-21T22:00:00Z,0
2014-06-21T23:00:00Z,0
2014-06-22T00:00:00Z,0
2014-06-22T01:00:00Z,0
2014-06-22T02:00:00Z,0
2014-06-22T03:00:00Z,0
2014-06-22T04:00:00Z,0
2014-06-22T05:00:00Z,34
2014-06-22T06:00:00Z,316
2014-06-22T07:00:00Z,509
2014-06-22T08:00:00Z,707
2014-06-22T09:00:00Z,885
2014-06-22T10:00:00Z,NA
2014-06-22T11:00:00Z,704
2014-06-22T12:00:00Z,556
2014-06-22T13:00:00Z,812
2014-06-22T14:00:00Z,479
2014-06-22T15:00:00Z,229
2014-06-22T16:00:00Z,582
2014-06-22T17:00:00Z,267
2014-06-22T18:00:00Z,73
2014-06-22T19:00:00Z,NA
2014-06-22T20:00:00Z,0
2014-06-22T21:00:00Z,0
2014-06-22T22:00:00Z,NA
2014-06-22T23:00:00Z,0
2014-06-23T00:00:00Z,0
2014-06-23T01:00:00Z,0
2014-06-23T02:00:00Z,0
2014-06-23T03:00:00Z,0
2014-06-23T04:00:00Z,0
2014-06-23T05:00:00Z,33
2014-06-23T06:00:00Z,NA
2014-06-23T07:00:00Z,512
2014-06-23T08:00:00Z,712
2014-06-23T09:00:00Z,882
2014-06-23T10:00:00Z,1005
2014-06-23T11:00:00Z,1076
2014-06-23T12:00:00Z,1108
2014-06-23T13:00:00Z,1121
2014-06-23T14:00:00Z,785
2014-06-23T15:00:00Z,987
2014-06-23T16:00:00Z,276
2014-06-23T17:00:00Z,131
2014-06-23T18:00:00Z,217
2014-06-23T19:00:00Z,8
2014-06-23T20:00:00Z,NA
2014-06-23T21:00:00Z,0
2014-06-23T22:00:00Z,0
2014-06-23T23:00:00Z,0
2014-06-24T00:00:00Z,0
2014-06-24T01:00:00Z,0
2014-06-24T02:00:00Z,0
2014-06-24T03:00:00Z,0
2014-06-24T04:00:00Z,0
2014-06-24T05:00:00Z,24
2014-06-24T06:00:00Z,296
2014-06-24T07:00:00Z,513
2014-06-24T08:00:00Z,731
2014-06-24T09:00:00Z,881
2014-06-24T10:00:00Z,974
2014-06-24T11:00:00Z,1070
2014-06-24T12:00:00Z,1092
2014-06-24T13:00:00Z,1037
2014-06-24T14:00:00Z,934
2014-06-24T15:00:00Z,NA
2014-06-24T16:00:00Z,323
2014-06-24T17:00:00Z,170
2014-06-24T18:00:00Z,39
2014-06-24T19:00:00Z,10
2014-06-24T20:00:00Z,0
2014-06-24T21:00:00Z,0
2014-06-24T22:00:00Z,0
2014-06-24T23:00:00Z,0
2014-06-25T00:00:00Z,0
2014-06-25T01:00:00Z,0
2014-06-25T02:00:00Z,0
2014-06-25T03:00:00Z,0
2014-06-25T04:00:00Z,0
2014-06-25T05:00:00Z,24
2014-06-25T06:00:00Z,297
2014-06-25T07:00:00Z,510
2014-06-25T08:00:00Z,710
2014-06-25T09:00:00Z,918
2014-06-25T10:00:00Z,1008
2014-06-25T11:00:00Z,1063
2014-06-25T12:00:00Z,NA
2014-06-25T13:00:00Z,1079
2014-06-25T14:00:00Z,804
2014-06-25T15:00:00Z,776
2014-06-25T16:00:00Z,572
2014-06-25T17:00:00Z,351
2014-06-25T18:00:00Z,157
2014-06-25T19:00:00Z,6
2014-06-25T20:00:00Z,0
2014-06-25T21:00:00Z,0
2014-06-25T22:00:00Z,0
2014-06-25T23:00:00Z,0
2014-06-26T00:00:00Z,0
2014-06-26T01:00:00Z,0
2014-06-26T02:00:00Z,0
2014-06-26T03:00:00Z,0
2014-06-26T04:00:00Z,0
2014-06-26T05:00:00Z,25
2014-06-26T06:00:00Z,144
2014-06-26T07:00:00Z,150
2014-06-26T08:00:00Z,495
2014-06-26T09:00:00Z,731
2014-06-26T10:00:00Z,626
2014-06-26T11:00:00Z,143
2014-06-26T12:00:00Z,135
2014-06-26T13:00:00Z,50
2014-06-26T14:00:00Z,344
2014-06-26T15:00:00Z,438
2014-06-26T16:00:00Z,166
2014-06-26T17:00:00Z,20
2014-06-26T18:00:00Z,191
2014-06-26T19:00:00Z,14
2014-06-26T20:00:00Z,0
2014-06-26T21:00:00Z,0
2014-06-26T22:00:00Z,0
2014-06-26T23:00:00Z,0
2014-06-27T00:00:00Z,0
2014-06-27T01:00:00Z,NA
2014-06-27T02:00:00Z,0
2014-06-27T03:00:00Z,0
2014-06-27T04:00:00Z,0
2014-06-27T05:00:00Z,19
2014-06-27T06:00:00Z,69
2014-06-27T07:00:00Z,473
2014-06-27T08:00:00Z,697
2014-06-27T09:00:00Z,1023
2014-06-27T10:00:00Z,1123
2014-06-27T11:00:00Z,1154
2014-06-27T12:00:00Z,NA
2014-06-27T13:00:00Z,891
2014-06-27T14:00:00Z,933
2014-06-27T15:00:00Z,811
2014-06-27T16:00:00Z,549
2014-06-27T17:00:00Z,380
2014-06-27T18:00:00Z,NA
2014-06-27T19:00:00Z,8
2014-06-27T20:00:00Z,NA
2014-06-27T21:00:00Z,0
2014-06-27T22:00:00Z,0
2014-06-27T23:00:00Z,0
2014-06-28T00:00:00Z,0
2014-06-28T01:00:00Z,0
2014-06-28T02:00:00Z,0
2014-06-28T03:00:00Z,0
2014-06-28T04:00:00Z,0
2014-06-28T05:00:00Z,17
2014-06-28T06:00:00Z,304
2014-06-28T07:00:00Z,520
2014-06-28T08:00:00Z,722
2014-06-28T09:00:00Z,889
2014-06-28T10:00:00Z,1014
2014-06-28T11:00:00Z,1078
2014-06-28T12:00:00Z,1091
2014-06-28T13:00:00Z,1044
2014-06-28T14:00:00Z,934
2014-06-28T15:00:00Z,776
2014-06-28T16:00:00Z,585
2014-06-28T17:00:00Z,369
2014-06-28T18:00:00Z,163
2014-06-28T19:00:00Z,8
2014-06-28T20:00:00Z,0
2014-06-28T21:00:00Z,NA
2014-06-28T22:00:00Z,0
2014-06-28T23:00:00Z,0
2014-06-29T00:00:00Z,0
2014-06-29T01:00:00Z,NA
2014-06-29T02:00:00Z,0
2014-06-29T03:00:00Z,0
2014-06-29T04:00:00Z,0
2014-06-29T05:00:00Z,16
2014-06-29T06:00:00Z,NA
2014-06-29T07:00:00Z,513
2014-06-29T08:00:00Z,712
2014-06-29T09:00:00Z,881
2014-06-29T10:00:00Z,NA
2014-06-29T11:00:00Z,NA
2014-06-29T12:00:00Z,1086
2014-06-29T13:00:00Z,1039
2014-06-29T14:00:00Z,933
2014-06-29T15:00:00Z,779
2014-06-29T16:00:00Z,584
2014-06-29T17:00:00Z,328
2014-06-29T18:00:00Z,167
2014-06-29T19:00:00Z,10
2014-06-29T20:00:00Z,NA
2014-06-29T21:00:00Z,0
2014-06-29T22:00:00Z,0
2014-06-29T23:00:00Z,0
2014-06-30T00:00:00Z,0
2014-06-30T01:00:00Z,0
2014-06-30T02:00:00Z,0
2014-06-30T03:00:00Z,0
2014-06-30T04:00:00Z,NA
2014-06-30T05:00:00Z,17
2014-06-30T06:00:00Z,285
2014-06-30T07:00:00Z,507
2014-06-30T08:00:00Z,NA
2014-06-30T09:00:00Z,879
2014-06-30T10:00:00Z,1007
2014-06-30T11:00:00Z,1077
2014-06-30T12:00:00Z,1089
2014-06-30T13:00:00Z,1042
2014-06-30T14:00:00Z,931
2014-06-30T15:00:00Z,772
2014-06-30T16:00:00Z,580
2014-06-30T17:00:00Z,367
2014-06-30T18:00:00Z,162
2014-06-30T19:00:00Z,8
2014-06-30T20:00:00Z,0
2014-06-30T21:00:00Z,0
2014-06-30T22:00:00Z,0
2014-06-30T23:00:00Z,0
2014-07-01T00:00:00Z,0
2014-07-01T01:00:00Z,0
2014-07-01T02:00:00Z,0
2014-07-01T03:00:00Z,0
2014-07-01T04:00:00Z,0
2014-07-01T05:00:00Z,16
2014-07-01T06:00:00Z,287
2014-07-01T07:00:00Z,513
2014-07-01T08:00:00Z,713
2014-07-01T09:00:00Z,NA
2014-07-01T10:00:00Z,1011
2014-07-01T11:00:00Z,1080
2014-07-01T12:00:00Z,1088
2014-07-01T13:00:00Z,NA
2014-07-01T14:00:00Z,NA
2014-07-01T15:00:00Z,773
2014-07-01T16:00:00Z,398
2014-07-01T17:00:00Z,352
2014-07-01T18:00:00Z,53
2014-07-01T19:00:00Z,10
2014-07-01T20:00:00Z,0
2014-07-01T21:00:00Z,0
2014-07-01T22:00:00Z,0
2014-07-01T23:00:00Z,NA
2014-07-02T00:00:00Z,0
2014-07-02T01:00:00Z,0
2014-07-02T02:00:00Z,0
2014-07-02T03:00:00Z,0
2014-07-02T04:00:00Z,0
2014-07-02T05:00:00Z,14
2014-07-02T06:00:00Z,294
2014-07-02T07:00:00Z,503
2014-07-02T08:00:00Z,698
2014-07-02T09:00:00Z,865
2014-07-02T10:00:00Z,995
2014-07-02T11:00:00Z,845
2014-07-02T12:00:00Z,568
2014-07-02T13:00:00Z,1042
2014-07-02T14:00:00Z,150
2014-07-02T15:00:00Z,439
2014-07-02T16:00:00Z,NA
2014-07-02T17:00:00Z,NA
2014-07-02T18:00:00Z,145
2014-07-02T19:00:00Z,22
2014-07-02T20:00:00Z,NA
2014-07-02T21:00:00Z,0
2014-07-02T22:00:00Z,0
2014-07-02T23:00:00Z,0
2014-07-03T00:00:00Z,0
2014-07-03T01:00:00Z,0
2014-07-03T02:00:00Z,0
2014-07-03T03:00:00Z,0
2014-07-03T04:00:00Z,0
2014-07-03T05:00:00Z,39
2014-07-03T06:00:00Z,249
2014-07-03T07:00:00Z,509
2014-07-03T08:00:00Z,694
2014-07-03T09:00:00Z,NA
2014-07-03T10:00:00Z,993
2014-07-03T11:00:00Z,503
2014-07-03T12:00:00Z,1095
2014-07-03T13:00:00Z,469
2014-07-03T14:00:00Z,913
2014-07-03T15:00:00Z,382
2014-07-03T16:00:00Z,574
2014-07-03T17:00:00Z,NA
2014-07-03T18:00:00Z,59
2014-07-03T19:00:00Z,9
2014-07-03T20:00:00Z,0
2014-07-03T21:00:00Z,0
2014-07-03T22:00:00Z,0
2014-07-03T23:00:00Z,0
2014-07-04T00:00:00Z,0
2014-07-04T01:00:00Z,0
2014-07-04T02:00:00Z,NA
2014-07-04T03:00:00Z,0
2014-07-04T04:00:00Z,0
2014-07-04T05:00:00Z,26
2014-07-04T06:00:00Z,213
2014-07-04T07:00:00Z,505
2014-07-04T08:00:00Z,701
2014-07-04T09:00:00Z,872
2014-07-04T10:00:00Z,997
2014-07-04T11:00:00Z,1064
2014-07-04T12:00:00Z,1070
2014-07-04T13:00:00Z,903
2014-07-04T14:00:00Z,927
2014-07-04T15:00:00Z,772
2014-07-04T16:00:00Z,576
2014-07-04T17:00:00Z,359
2014-07-04T18:00:00Z,161
2014-07-04T19:00:00Z,9
2014-07-04T20:00:00Z,0
2014-07-04T21:00:00Z,0
2014-07-04T22:00:00Z,0
2014-07-04T23:00:00Z,0
2014-07-05T00:00:00Z,0
2014-07-05T01:00:00Z,0
2014-07-05T02:00:00Z,0
2014-07-05T03:00:00Z,0
2014-07-05T04:00:00Z,0
2014-07-05T05:00:00Z,19
2014-07-05T06:00:00Z,NA
2014-07-05T07:00:00Z,487
2014-07-05T08:00:00Z,693
2014-07-05T09:00:00Z,852
2014-07-05T10:00:00Z,883
2014-07-05T11:00:00Z,94
2014-07-05T12:00:00Z,137
2014-07-05T13:00:00Z,342
2014-07-05T14:00:00Z,483
2014-07-05T15:00:00Z,839
2014-07-05T16:00:00Z,106
2014-07-05T17:00:00Z,96
2014-07-05T18:00:00Z,57
2014-07-05T19:00:00Z,8
2014-07-05T20:00:00Z,0
2014-07-05T21:00:00Z,NA
2014-07-05T22:00:00Z,0
2014-07-05T23:00:00Z,0
2014-07-06T00:00:00Z,0
2014-07-06T01:00:00Z,0
2014-07-06T02:00:00Z,0
2014-07-06T03:00:00Z,0
2014-07-06T04:00:00Z,0
2014-07-06T05:00:00Z,28
2014-07-06T06:00:00Z,NA
2014-07-06T07:00:00Z,459
2014-07-06T08:00:00Z,663
2014-07-06T09:00:00Z,863
2014-07-06T10:00:00Z,1068
2014-07-06T11:00:00Z,668
2014-07-06T12:00:00Z,1116
2014-07-06T13:00:00Z,1138
2014-07-06T14:00:00Z,586
2014-07-06T15:00:00Z,117
2014-07-06T16:00:00Z,136
2014-07-06T17:00:00Z,419
2014-07-06T18:00:00Z,58
2014-07-06T19:00:00Z,20
2014-07-06T20:00:00Z,0
2014-07-06T21:00:00Z,0
2014-07-06T22:00:00Z,0
2014-07-06T23:00:00Z,0
2014-07-07T00:00:00Z,0
2014-07-07T01:00:00Z,0
2014-07-07T02:00:00Z,0
2014-07-07T03:00:00Z,0
2014-07-07T04:00:00Z,0
2014-07-07T05:00:00Z,27
2014-07-07T06:00:00Z,NA
2014-07-07T07:00:00Z,479
2014-07-07T08:00:00Z,NA
2014-07-07T09:00:00Z,866
2014-07-07T10:00:00Z,864
2014-07-07T11:00:00Z,209
2014-07-07T12:00:00Z,355
2014-07-07T13:00:00Z,1057
2014-07-07T14:00:00Z,849
2014-07-07T15:00:00Z,349
2014-07-07T16:00:00Z,580
2014-07-07T17:00:00Z,145
2014-07-07T18:00:00Z,26
2014-07-07T19:00:00Z,4
2014-07-07T20:00:00Z,0
2014-07-07T21:00:00Z,0
2014-07-07T22:00:00Z,0
2014-07-07T23:00:00Z,0
2014-07-08T00:00:00Z,0
2014-07-08T01:00:00Z,0
2014-07-08T02:00:00Z,0
2014-07-08T03:00:00Z,0
2014-07-08T04:00:00Z,0
2014-07-08T05:00:00Z,32
2014-07-08T06:00:00Z,178
2014-07-08T07:00:00Z,484
2014-07-08T08:00:00Z,455
2014-07-08T09:00:00Z,835
2014-07-08T10:00:00Z,1016
2014-07-08T11:00:00Z,501
2014-07-08T12:00:00Z,308
2014-07-08T13:00:00Z,351
2014-07-08T14:00:00Z,NA
2014-07-08T15:00:00Z,153
2014-07-08T16:00:00Z,NA
2014-07-08T17:00:00Z,185
2014-07-08T18:00:00Z,36
2014-07-08T19:00:00Z,1
2014-07-08T20:00:00Z,NA
2014-07-08T21:00:00Z,0
2014-07-08T22:00:00Z,0
2014-07-08T23:00:00Z,0
2014-07-09T00:00:00Z,0
2014-07-09T01:00:00Z,0
2014-07-09T02:00:00Z,0
2014-07-09T03:00:00Z,0
2014-07-09T04:00:00Z,0
2014-07-09T05:00:00Z,15
2014-07-09T06:00:00Z,49
2014-07-09T07:00:00Z,291
2014-07-09T08:00:00Z,711
2014-07-09T09:00:00Z,NA
2014-07-09T10:00:00Z,937
2014-07-09T11:00:00Z,1178
2014-07-09T12:00:00Z,658
2014-07-09T13:00:00Z,457
2014-07-09T14:00:00Z,296
2014-07-09T15:00:00Z,NA
2014-07-09T16:00:00Z,159
2014-07-09T17:00:00Z,71
2014-07-09T18:00:00Z,19
2014-07-09T19:00:00Z,7
2014-07-09T20:00:00Z,0
2014-07-09T21:00:00Z,0
2014-07-09T22:00:00Z,0
2014-07-09T23:00:00Z,0
2014-07-10T00:00:00Z,NA
2014-07-10T01:00:00Z,0
2014-07-10T02:00:00Z,0
2014-07-10T03:00:00Z,0
2014-07-10T04:00:00Z,NA
2014-07-10T05:00:00Z,23
2014-07-10T06:00:00Z,185
2014-07-10T07:00:00Z,212
2014-07-10T08:00:00Z,NA
2014-07-10T09:00:00Z,848
2014-07-10T10:00:00Z,NA
2014-07-10T11:00:00Z,NA
2014-07-10T12:00:00Z,184
2014-07-10T13:00:00Z,108
2014-07-10T14:00:00Z,252
2014-07-10T15:00:00Z,113
2014-07-10T16:00:00Z,86
2014-07-10T17:00:00Z,43
2014-07-10T18:00:00Z,24
2014-07-10T19:00:00Z,NA
2014-07-10T20:00:00Z,0
2014-07-10T21:00:00Z,0
2014-07-10T22:00:00Z,0
2014-07-10T23:00:00Z,0
2014-07-11T00:00:00Z,0
2014-07-11T01:00:00Z,0
2014-07-11T02:00:00Z,0
2014-07-11T03:00:00Z,0
2014-07-11T04:00:00Z,0
2014-07-11T05:00:00Z,18
2014-07-11T06:00:00Z,68
2014-07-11T07:00:00Z,179
2014-07-11T08:00:00Z,391
2014-07-11T09:00:00Z,564
2014-07-11T10:00:00Z,278
2014-07-11T11:00:00Z,1025
2014-07-11T12:00:00Z,91
2014-07-11T13:00:00Z,487
2014-07-11T14:00:00Z,1074
2014-07-11T15:00:00Z,114
2014-07-11T16:00:00Z,175
2014-07-11T17:00:00Z,NA
2014-07-11T18:00:00Z,59
2014-07-11T19:00:00Z,5
2014-07-11T20:00:00Z,0
2014-07-11T21:00:00Z,0
2014-07-11T22:00:00Z,0
2014-07-11T23:00:00Z,0
2014-07-12T00:00:00Z,0
2014-07-12T01:00:00Z,0
2014-07-12T02:00:00Z,0
2014-07-12T03:00:00Z,0
2014-07-12T04:00:00Z,0
2014-07-12T05:00:00Z,20
2014-07-12T06:00:00Z,203
2014-07-12T07:00:00Z,435
2014-07-12T08:00:00Z,389
2014-07-12T09:00:00Z,638
2014-07-12T10:00:00Z,1104
2014-07-12T11:00:00Z,1239
2014-07-12T12:00:00Z,1043
2014-07-12T13:00:00Z,258
2014-07-12T14:00:00Z,850
2014-07-12T15:00:00Z,NA
2014-07-12T16:00:00Z,183
2014-07-12T17:00:00Z,270
2014-07-12T18:00:00Z,NA
2014-07-12T19:00:00Z,5
2014-07-12T20:00:00Z,0
2014-07-12T21:00:00Z,0
2014-07-12T22:00:00Z,0
2014-07-12T23:00:00Z,0
2014-07-13T00:00:00Z,0
2014-07-13T01:00:00Z,0
2014-07-13T02:00:00Z,0
2014-07-13T03:00:00Z,0
2014-07-13T04:00:00Z,0
2014-07-13T05:00:00Z,33
2014-07-13T06:00:00Z,197
2014-07-13T07:00:00Z,468
2014-07-13T08:00:00Z,522
2014-07-13T09:00:00Z,868
2014-07-13T10:00:00Z,1005
2014-07-13T11:00:00Z,331
2014-07-13T12:00:00Z,611
2014-07-13T13:00:00Z,1012
2014-07-13T14:00:00Z,779
2014-07-13T15:00:00Z,151
2014-07-13T16:00:00Z,571
2014-07-13T17:00:00Z,263
2014-07-13T18:00:00Z,43
2014-07-13T19:00:00Z,6
2014-07-13T20:00:00Z,NA
2014-07-13T21:00:00Z,0
2014-07-13T22:00:00Z,0
2014-07-13T23:00:00Z,0
2014-07-14T00:00:00Z,0
2014-07-14T01:00:00Z,0
2014-07-14T02:00:00Z,0
2014-07-14T03:00:00Z,0
2014-07-14T04:00:00Z,0
2014-07-14T05:00:00Z,45
2014-07-14T06:00:00Z,104
2014-07-14T07:00:00Z,133
2014-07-14T08:00:00Z,440
2014-07-14T09:00:00Z,732
2014-07-14T10:00:00Z,982
2014-07-14T11:00:00Z,909
2014-07-14T12:00:00Z,570
2014-07-14T13:00:00Z,510
2014-07-14T14:00:00Z,597
2014-07-14T15:00:00Z,837
2014-07-14T16:00:00Z,NA
2014-07-14T17:00:00Z,36
2014-07-14T18:00:00Z,4
2014-07-14T19:00:00Z,0
2014-07-14T20:00:00Z,0
2014-07-14T21:00:00Z,0
2014-07-14T22:00:00Z,0
2014-07-14T23:00:00Z,0
2014-07-15T00:00:00Z,0
2014-07-15T01:00:00Z,0
2014-07-15T02:00:00Z,0
2014-07-15T03:00:00Z,0
2014-07-15T04:00:00Z,0
2014-07-15T05:00:00Z,32
2014-07-15T06:00:00Z,179
2014-07-15T07:00:00Z,512
2014-07-15T08:00:00Z,674
2014-07-15T09:00:00Z,789
2014-07-15T10:00:00Z,NA
2014-07-15T11:00:00Z,1084
2014-07-15T12:00:00Z,1088
2014-07-15T13:00:00Z,813
2014-07-15T14:00:00Z,262
2014-07-15T15:00:00Z,66
2014-07-15T16:00:00Z,75
2014-07-15T17:00:00Z,24
2014-07-15T18:00:00Z,4
2014-07-15T19:00:00Z,1
2014-07-15T20:00:00Z,0
2014-07-15T21:00:00Z,0
2014-07-15T22:00:00Z,0
2014-07-15T23:00:00Z,0
2014-07-16T00:00:00Z,0
2014-07-16T01:00:00Z,0
2014-07-16T02:00:00Z,0
2014-07-16T03:00:00Z,0
2014-07-16T04:00:00Z,0
2014-07-16T05:00:00Z,NA
2014-07-16T06:00:00Z,117
2014-07-16T07:00:00Z,456
2014-07-16T08:00:00Z,655
2014-07-16T09:00:00Z,830
2014-07-16T10:00:00Z,973
2014-07-16T11:00:00Z,1048
2014-07-16T12:00:00Z,757
2014-07-16T13:00:00Z,1042
2014-07-16T14:00:00Z,433
2014-07-16T15:00:00Z,581
2014-07-16T16:00:00Z,274
2014-07-16T17:00:00Z,165
2014-07-16T18:00:00Z,71
2014-07-16T19:00:00Z,9
2014-07-16T20:00:00Z,0
2014-07-16T21:00:00Z,0
2014-07-16T22:00:00Z,0
2014-07-16T23:00:00Z,0
2014-07-17T00:00:00Z,NA
2014-07-17T01:00:00Z,0
2014-07-17T02:00:00Z,0
2014-07-17T03:00:00Z,0
2014-07-17T04:00:00Z,0
2014-07-17T05:00:00Z,20
2014-07-17T06:00:00Z,139
2014-07-17T07:00:00Z,468
2014-07-17T08:00:00Z,675
2014-07-17T09:00:00Z,847
2014-07-17T10:00:00Z,975
2014-07-17T11:00:00Z,1063
2014-07-17T12:00:00Z,NA
2014-07-17T13:00:00Z,955
2014-07-17T14:00:00Z,676
2014-07-17T15:00:00Z,798
2014-07-17T16:00:00Z,205
2014-07-17T17:00:00Z,147
2014-07-17T18:00:00Z,22
2014-07-17T19:00:00Z,3
2014-07-17T20:00:00Z,0
2014-07-17T21:00:00Z,0
2014-07-17T22:00:00Z,0
2014-07-17T23:00:00Z,0
2014-07-18T00:00:00Z,0
2014-07-18T01:00:00Z,0
2014-07-18T02:00:00Z,NA
2014-07-18T03:00:00Z,0
2014-07-18T04:00:00Z,0
2014-07-18T05:00:00Z,9
2014-07-18T06:00:00Z,44
2014-07-18T07:00:00Z,58
2014-07-18T08:00:00Z,NA
2014-07-18T09:00:00Z,238
2014-07-18T10:00:00Z,NA
2014-07-18T11:00:00Z,881
2014-07-18T12:00:00Z,698
2014-07-18T13:00:00Z,1099
2014-07-18T14:00:00Z,213
2014-07-18T15:00:00Z,170
2014-07-18T16:00:00Z,224
2014-07-18T17:00:00Z,182
2014-07-18T18:00:00Z,21
2014-07-18T19:00:00Z,4
2014-07-18T20:00:00Z,0
2014-07-18T21:00:00Z,0
2014-07-18T22:00:00Z,0
2014-07-18T23:00:00Z,0
2014-07-19T00:00:00Z,0
2014-07-19T01:00:00Z,0
2014-07-19T02:00:00Z,0
2014-07-19T03:00:00Z,0
2014-07-19T04:00:00Z,0
2014-07-19T05:00:00Z,NA
2014-07-19T06:00:00Z,168
2014-07-19T07:00:00Z,435
2014-07-19T08:00:00Z,647
2014-07-19T09:00:00Z,877
2014-07-19T10:00:00Z,919
2014-07-19T11:00:00Z,736
2014-07-19T12:00:00Z,1150
2014-07-19T13:00:00Z,284
2014-07-19T14:00:00Z,340
2014-07-19T15:00:00Z,NA
2014-07-19T16:00:00Z,550
2014-07-19T17:00:00Z,NA
2014-07-19T18:00:00Z,81
2014-07-19T19:00:00Z,5
2014-07-19T20:00:00Z,0
2014-07-19T21:00:00Z,0
2014-07-19T22:00:00Z,0
2014-07-19T23:00:00Z,0
2014-07-20T00:00:00Z,0
2014-07-20T01:00:00Z,NA
2014-07-20T02:00:00Z,0
2014-07-20T03:00:00Z,0
2014-07-20T04:00:00Z,0
2014-07-20T05:00:00Z,15
2014-07-20T06:00:00Z,36
2014-07-20T07:00:00Z,65
2014-07-20T08:00:00Z,691
2014-07-20T09:00:00Z,896
2014-07-20T10:00:00Z,881
2014-07-20T11:00:00Z,454
2014-07-20T12:00:00Z,597
2014-07-20T13:00:00Z,910
2014-07-20T14:00:00Z,NA
2014-07-20T15:00:00Z,784
2014-07-20T16:00:00Z,291
2014-07-20T17:00:00Z,130
2014-07-20T18:00:00Z,143
2014-07-20T19:00:00Z,4
2014-07-20T20:00:00Z,0
2014-07-20T21:00:00Z,NA
2014-07-20T22:00:00Z,0
2014-07-20T23:00:00Z,0
2014-07-21T00:00:00Z,0
2014-07-21T01:00:00Z,0
2014-07-21T02:00:00Z,0
2014-07-21T03:00:00Z,0
2014-07-21T04:00:00Z,0
2014-07-21T05:00:00Z,13
2014-07-21T06:00:00Z,190
2014-07-21T07:00:00Z,469
2014-07-21T08:00:00Z,NA
2014-07-21T09:00:00Z,849
2014-07-21T10:00:00Z,977
2014-07-21T11:00:00Z,1053
2014-07-21T12:00:00Z,1064
2014-07-21T13:00:00Z,1013
2014-07-21T14:00:00Z,810
2014-07-21T15:00:00Z,NA
2014-07-21T16:00:00Z,562
2014-07-21T17:00:00Z,345
2014-07-21T18:00:00Z,130
2014-07-21T19:00:00Z,4
2014-07-21T20:00:00Z,0
2014-07-21T21:00:00Z,0
2014-07-21T22:00:00Z,0
2014-07-21T23:00:00Z,0
2014-07-22T00:00:00Z,0
2014-07-22T01:00:00Z,0
2014-07-22T02:00:00Z,0
2014-07-22T03:00:00Z,0
2014-07-22T04:00:00Z,0
2014-07-22T05:00:00Z,NA
2014-07-22T06:00:00Z,NA
2014-07-22T07:00:00Z,472
2014-07-22T08:00:00Z,677
2014-07-22T09:00:00Z,852
2014-07-22T10:00:00Z,981
2014-07-22T11:00:00Z,1057
2014-07-22T12:00:00Z,NA
2014-07-22T13:00:00Z,1023
2014-07-22T14:00:00Z,914
2014-07-22T15:00:00Z,761
2014-07-22T16:00:00Z,562
2014-07-22T17:00:00Z,349
2014-07-22T18:00:00Z,122
2014-07-22T19:00:00Z,5
2014-07-22T20:00:00Z,0
2014-07-22T21:00:00Z,0
2014-07-22T22:00:00Z,0
2014-07-22T23:00:00Z,0
2014-07-23T00:00:00Z,0
2014-07-23T01:00:00Z,0
2014-07-23T02:00:00Z,0
2014-07-23T03:00:00Z,0
2014-07-23T04:00:00Z,0
2014-07-23T05:00:00Z,13
2014-07-23T06:00:00Z,162
2014-07-23T07:00:00Z,463
2014-07-23T08:00:00Z,665
2014-07-23T09:00:00Z,NA
2014-07-23T10:00:00Z,968
2014-07-23T11:00:00Z,1046
2014-07-23T12:00:00Z,NA
2014-07-23T13:00:00Z,1013
2014-07-23T14:00:00Z,905
2014-07-23T15:00:00Z,751
2014-07-23T16:00:00Z,558
2014-07-23T17:00:00Z,342
2014-07-23T18:00:00Z,118
2014-07-23T19:00:00Z,5
2014-07-23T20:00:00Z,0
2014-07-23T21:00:00Z,0
2014-07-23T22:00:00Z,0
2014-07-23T23:00:00Z,0
2014-07-24T00:00:00Z,0
2014-07-24T01:00:00Z,0
2014-07-24T02:00:00Z,0
2014-07-24T03:00:00Z,0
2014-07-24T04:00:00Z,0
2014-07-24T05:00:00Z,9
2014-07-24T06:00:00Z,161
2014-07-24T07:00:00Z,463
2014-07-24T08:00:00Z,668
2014-07-24T09:00:00Z,842
2014-07-24T10:00:00Z,972
2014-07-24T11:00:00Z,1047
2014-07-24T12:00:00Z,NA
2014-07-24T13:00:00Z,1024
2014-07-24T14:00:00Z,908
2014-07-24T15:00:00Z,761
2014-07-24T16:00:00Z,520
2014-07-24T17:00:00Z,141
2014-07-24T18:00:00Z,63
2014-07-24T19:00:00Z,7
2014-07-24T20:00:00Z,0
2014-07-24T21:00:00Z,0
2014-07-24T22:00:00Z,0
2014-07-24T23:00:00Z,0
2014-07-25T00:00:00Z,0
2014-07-25T01:00:00Z,0
2014-07-25T02:00:00Z,NA
2014-07-25T03:00:00Z,0
2014-07-25T04:00:00Z,NA
2014-07-25T05:00:00Z,18
2014-07-25T06:00:00Z,80
2014-07-25T07:00:00Z,447
2014-07-25T08:00:00Z,668
2014-07-25T09:00:00Z,824
2014-07-25T10:00:00Z,949
2014-07-25T11:00:00Z,998
2014-07-25T12:00:00Z,579
2014-07-25T13:00:00Z,974
2014-07-25T14:00:00Z,907
2014-07-25T15:00:00Z,443
2014-07-25T16:00:00Z,532
2014-07-25T17:00:00Z,225
2014-07-25T18:00:00Z,102
2014-07-25T19:00:00Z,6
2014-07-25T20:00:00Z,0
2014-07-25T21:00:00Z,0
2014-07-25T22:00:00Z,0
2014-07-25T23:00:00Z,0
2014-07-26T00:00:00Z,0
2014-07-26T01:00:00Z,0
2014-07-26T02:00:00Z,0
2014-07-26T03:00:00Z,0
2014-07-26T04:00:00Z,0
2014-07-26T05:00:00Z,14
2014-07-26T06:00:00Z,121
2014-07-26T07:00:00Z,427
2014-07-26T08:00:00Z,466
2014-07-26T09:00:00Z,NA
2014-07-26T10:00:00Z,NA
2014-07-26T11:00:00Z,1073
2014-07-26T12:00:00Z,712
2014-07-26T13:00:00Z,421
2014-07-26T14:00:00Z,280
2014-07-26T15:00:00Z,146
2014-07-26T16:00:00Z,NA
2014-07-26T17:00:00Z,180
2014-07-26T18:00:00Z,NA
2014-07-26T19:00:00Z,1
2014-07-26T20:00:00Z,0
2014-07-26T21:00:00Z,0
2014-07-26T22:00:00Z,0
2014-07-26T23:00:00Z,0
2014-07-27T00:00:00Z,0
2014-07-27T01:00:00Z,0
2014-07-27T02:00:00Z,0
2014-07-27T03:00:00Z,0
2014-07-27T04:00:00Z,0
2014-07-27T05:00:00Z,21
2014-07-27T06:00:00Z,126
2014-07-27T07:00:00Z,325
2014-07-27T08:00:00Z,413
2014-07-27T09:00:00Z,747
2014-07-27T10:00:00Z,303
2014-07-27T11:00:00Z,1038
2014-07-27T12:00:00Z,270
2014-07-27T13:00:00Z,NA
2014-07-27T14:00:00Z,220
2014-07-27T15:00:00Z,39
2014-07-27T16:00:00Z,81
2014-07-27T17:00:00Z,51
2014-07-27T18:00:00Z,20
2014-07-27T19:00:00Z,3
2014-07-27T20:00:00Z,0
2014-07-27T21:00:00Z,0
2014-07-27T22:00:00Z,0
2014-07-27T23:00:00Z,0
2014-07-28T00:00:00Z,0
2014-07-28T01:00:00Z,0
2014-07-28T02:00:00Z,0
2014-07-28T03:00:00Z,0
2014-07-28T04:00:00Z,NA
2014-07-28T05:00:00Z,5
2014-07-28T06:00:00Z,76
2014-07-28T07:00:00Z,198
2014-07-28T08:00:00Z,283
2014-07-28T09:00:00Z,126
2014-07-28T10:00:00Z,NA
2014-07-28T11:00:00Z,134
2014-07-28T12:00:00Z,93
2014-07-28T13:00:00Z,267
2014-07-28T14:00:00Z,417
2014-07-28T15:00:00Z,881
2014-07-28T16:00:00Z,90
2014-07-28T17:00:00Z,45
2014-07-28T18:00:00Z,20
2014-07-28T19:00:00Z,2
2014-07-28T20:00:00Z,NA
2014-07-28T21:00:00Z,0
2014-07-28T22:00:00Z,0
2014-07-28T23:00:00Z,0
2014-07-29T00:00:00Z,0
2014-07-29T01:00:00Z,0
2014-07-29T02:00:00Z,0
2014-07-29T03:00:00Z,0
2014-07-29T04:00:00Z,0
2014-07-29T05:00:00Z,6
2014-07-29T06:00:00Z,178
2014-07-29T07:00:00Z,299
2014-07-29T08:00:00Z,230
2014-07-29T09:00:00Z,235
2014-07-29T10:00:00Z,108
2014-07-29T11:00:00Z,50
2014-07-29T12:00:00Z,366
2014-07-29T13:00:00Z,NA
2014-07-29T14:00:00Z,527
2014-07-29T15:00:00Z,367
2014-07-29T16:00:00Z,439
2014-07-29T17:00:00Z,176
2014-07-29T18:00:00Z,123
2014-07-29T19:00:00Z,2
2014-07-29T20:00:00Z,0
2014-07-29T21:00:00Z,0
2014-07-29T22:00:00Z,0
2014-07-29T23:00:00Z,0
2014-07-30T00:00:00Z,0
2014-07-30T01:00:00Z,NA
2014-07-30T02:00:00Z,0
2014-07-30T03:00:00Z,0
2014-07-30T04:00:00Z,0
2014-07-30T05:00:00Z,12
2014-07-30T06:00:00Z,211
2014-07-30T07:00:00Z,434
2014-07-30T08:00:00Z,496
2014-07-30T09:00:00Z,117
2014-07-30T10:00:00Z,177
2014-07-30T11:00:00Z,541
2014-07-30T12:00:00Z,681
2014-07-30T13:00:00Z,976
2014-07-30T14:00:00Z,891
2014-07-30T15:00:00Z,741
2014-07-30T16:00:00Z,728
2014-07-30T17:00:00Z,309
2014-07-30T18:00:00Z,91
2014-07-30T19:00:00Z,1
2014-07-30T20:00:00Z,0
2014-07-30T21:00:00Z,0
2014-07-30T22:00:00Z,0
2014-07-30T23:00:00Z,0
2014-07-31T00:00:00Z,0
2014-07-31T01:00:00Z,0
2014-07-31T02:00:00Z,0
2014-07-31T03:00:00Z,0
2014-07-31T04:00:00Z,0
2014-07-31T05:00:00Z,14
2014-07-31T06:00:00Z,125
2014-07-31T07:00:00Z,303
2014-07-31T08:00:00Z,653
2014-07-31T09:00:00Z,501
2014-07-31T10:00:00Z,730
2014-07-31T11:00:00Z,48
2014-07-31T12:00:00Z,126
2014-07-31T13:00:00Z,520
2014-07-31T14:00:00Z,843
2014-07-31T15:00:00Z,373
2014-07-31T16:00:00Z,43
2014-07-31T17:00:00Z,37
2014-07-31T18:00:00Z,87
2014-07-31T19:00:00Z,1
2014-07-31T20:00:00Z,0
2014-07-31T21:00:00Z,0
2014-07-31T22:00:00Z,0
2014-07-31T23:00:00Z,0
2014-08-01T00:00:00Z,NA
2014-08-01T01:00:00Z,0
2014-08-01T02:00:00Z,0
2014-08-01T03:00:00Z,0
2014-08-01T04:00:00Z,0
2014-08-01T05:00:00Z,11
2014-08-01T06:00:00Z,210
2014-08-01T07:00:00Z,437
2014-08-01T08:00:00Z,642
2014-08-01T09:00:00Z,807
2014-08-01T10:00:00Z,943
2014-08-01T11:00:00Z,878
2014-08-01T12:00:00Z,1049
2014-08-01T13:00:00Z,NA
2014-08-01T14:00:00Z,374
2014-08-01T15:00:00Z,299
2014-08-01T16:00:00Z,NA
2014-08-01T17:00:00Z,200
2014-08-01T18:00:00Z,30
2014-08-01T19:00:00Z,1
2014-08-01T20:00:00Z,NA
2014-08-01T21:00:00Z,NA
2014-08-01T22:00:00Z,NA
2014-08-01T23:00:00Z,0
2014-08-02T00:00:00Z,0
2014-08-02T01:00:00Z,0
2014-08-02T02:00:00Z,0
2014-08-02T03:00:00Z,0
2014-08-02T04:00:00Z,0
2014-08-02T05:00:00Z,16
2014-08-02T06:00:00Z,134
2014-08-02T07:00:00Z,501
2014-08-02T08:00:00Z,646
2014-08-02T09:00:00Z,836
2014-08-02T10:00:00Z,573
2014-08-02T11:00:00Z,NA
2014-08-02T12:00:00Z,286
2014-08-02T13:00:00Z,515
2014-08-02T14:00:00Z,195
2014-08-02T15:00:00Z,375
2014-08-02T16:00:00Z,324
2014-08-02T17:00:00Z,302
2014-08-02T18:00:00Z,21
2014-08-02T19:00:00Z,1
2014-08-02T20:00:00Z,NA
2014-08-02T21:00:00Z,0
2014-08-02T22:00:00Z,0
2014-08-02T23:00:00Z,0
2014-08-03T00:00:00Z,0
2014-08-03T01:00:00Z,0
2014-08-03T02:00:00Z,0
2014-08-03T03:00:00Z,0
2014-08-03T04:00:00Z,0
2014-08-03T05:00:00Z,4
2014-08-03T06:00:00Z,67
2014-08-03T07:00:00Z,117
2014-08-03T08:00:00Z,270
2014-08-03T09:00:00Z,344
2014-08-03T10:00:00Z,NA
2014-08-03T11:00:00Z,334
2014-08-03T12:00:00Z,NA
2014-08-03T13:00:00Z,387
2014-08-03T14:00:00Z,370
2014-08-03T15:00:00Z,345
2014-08-03T16:00:00Z,111
2014-08-03T17:00:00Z,26
2014-08-03T18:00:00Z,10
2014-08-03T19:00:00Z,0
2014-08-03T20:00:00Z,NA
2014-08-03T21:00:00Z,0
2014-08-03T22:00:00Z,0
2014-08-03T23:00:00Z,0
2014-08-04T00:00:00Z,0
2014-08-04T01:00:00Z,0
2014-08-04T02:00:00Z,0
2014-08-04T03:00:00Z,0
2014-08-04T04:00:00Z,0
2014-08-04T05:00:00Z,4
2014-08-04T06:00:00Z,38
2014-08-04T07:00:00Z,NA
2014-08-04T08:00:00Z,69
2014-08-04T09:00:00Z,139
2014-08-04T10:00:00Z,382
2014-08-04T11:00:00Z,208
2014-08-04T12:00:00Z,165
2014-08-04T13:00:00Z,193
2014-08-04T14:00:00Z,70
2014-08-04T15:00:00Z,38
2014-08-04T16:00:00Z,35
2014-08-04T17:00:00Z,13
2014-08-04T18:00:00Z,17
2014-08-04T19:00:00Z,0
2014-08-04T20:00:00Z,0
2014-08-04T21:00:00Z,NA
2014-08-04T22:00:00Z,NA
2014-08-04T23:00:00Z,0
2014-08-05T00:00:00Z,NA
2014-08-05T01:00:00Z,NA
2014-08-05T02:00:00Z,0
2014-08-05T03:00:00Z,0
2014-08-05T04:00:00Z,0
2014-08-05T05:00:00Z,4
2014-08-05T06:00:00Z,10
2014-08-05T07:00:00Z,61
2014-08-05T08:00:00Z,57
2014-08-05T09:00:00Z,110
2014-08-05T10:00:00Z,188
2014-08-05T11:00:00Z,NA
2014-08-05T12:00:00Z,183
2014-08-05T13:00:00Z,795
2014-08-05T14:00:00Z,155
2014-08-05T15:00:00Z,150
2014-08-05T16:00:00Z,276
2014-08-05T17:00:00Z,146
2014-08-05T18:00:00Z,29
2014-08-05T19:00:00Z,0
2014-08-05T20:00:00Z,NA
2014-08-05T21:00:00Z,0
2014-08-05T22:00:00Z,0
2014-08-05T23:00:00Z,0
2014-08-06T00:00:00Z,0
2014-08-06T01:00:00Z,0
2014-08-06T02:00:00Z,0
2014-08-06T03:00:00Z,0
2014-08-06T04:00:00Z,0
2014-08-06T05:00:00Z,10
2014-08-06T06:00:00Z,209
2014-08-06T07:00:00Z,420
2014-08-06T08:00:00Z,633
2014-08-06T09:00:00Z,767
2014-08-06T10:00:00Z,949
2014-08-06T11:00:00Z,NA
2014-08-06T12:00:00Z,486
2014-08-06T13:00:00Z,1090
2014-08-06T14:00:00Z,649
2014-08-06T15:00:00Z,500
2014-08-06T16:00:00Z,547
2014-08-06T17:00:00Z,317
2014-08-06T18:00:00Z,NA
2014-08-06T19:00:00Z,0
2014-08-06T20:00:00Z,0
2014-08-06T21:00:00Z,0
2014-08-06T22:00:00Z,0
2014-08-06T23:00:00Z,0
2014-08-07T00:00:00Z,0
2014-08-07T01:00:00Z,0
2014-08-07T02:00:00Z,0
2014-08-07T03:00:00Z,0
2014-08-07T04:00:00Z,0
2014-08-07T05:00:00Z,14
2014-08-07T06:00:00Z,225
2014-08-07T07:00:00Z,180
2014-08-07T08:00:00Z,435
2014-08-07T09:00:00Z,836
2014-08-07T10:00:00Z,952
2014-08-07T11:00:00Z,1015
2014-08-07T12:00:00Z,NA
2014-08-07T13:00:00Z,1087
2014-08-07T14:00:00Z,978
2014-08-07T15:00:00Z,275
2014-08-07T16:00:00Z,505
2014-08-07T17:00:00Z,91
2014-08-07T18:00:00Z,97
2014-08-07T19:00:00Z,1
2014-08-07T20:00:00Z,0
2014-08-07T21:00:00Z,0
2014-08-07T22:00:00Z,0
2014-08-07T23:00:00Z,0
2014-08-08T00:00:00Z,0
2014-08-08T01:00:00Z,0
2014-08-08T02:00:00Z,0
2014-08-08T03:00:00Z,NA
2014-08-08T04:00:00Z,0
2014-08-08T05:00:00Z,9
2014-08-08T06:00:00Z,NA
2014-08-08T07:00:00Z,335
2014-08-08T08:00:00Z,413
2014-08-08T09:00:00Z,NA
2014-08-08T10:00:00Z,545
2014-08-08T11:00:00Z,588
2014-08-08T12:00:00Z,1145
2014-08-08T13:00:00Z,229
2014-08-08T14:00:00Z,NA
2014-08-08T15:00:00Z,289
2014-08-08T16:00:00Z,107
2014-08-08T17:00:00Z,280
2014-08-08T18:00:00Z,73
2014-08-08T19:00:00Z,0
2014-08-08T20:00:00Z,0
2014-08-08T21:00:00Z,0
2014-08-08T22:00:00Z,0
2014-08-08T23:00:00Z,0
2014-08-09T00:00:00Z,0
2014-08-09T01:00:00Z,0
2014-08-09T02:00:00Z,NA
2014-08-09T03:00:00Z,0
2014-08-09T04:00:00Z,0
2014-08-09T05:00:00Z,12
2014-08-09T06:00:00Z,132
2014-08-09T07:00:00Z,282
2014-08-09T08:00:00Z,612
2014-08-09T09:00:00Z,801
2014-08-09T10:00:00Z,974
2014-08-09T11:00:00Z,242
2014-08-09T12:00:00Z,597
2014-08-09T13:00:00Z,714
2014-08-09T14:00:00Z,225
2014-08-09T15:00:00Z,184
2014-08-09T16:00:00Z,572
2014-08-09T17:00:00Z,233
2014-08-09T18:00:00Z,62
2014-08-09T19:00:00Z,0
2014-08-09T20:00:00Z,0
2014-08-09T21:00:00Z,0
2014-08-09T22:00:00Z,0
2014-08-09T23:00:00Z,0
2014-08-10T00:00:00Z,0
2014-08-10T01:00:00Z,0
2014-08-10T02:00:00Z,0
2014-08-10T03:00:00Z,0
2014-08-10T04:00:00Z,0
2014-08-10T05:00:00Z,9
2014-08-10T06:00:00Z,188
2014-08-10T07:00:00Z,407
2014-08-10T08:00:00Z,618
2014-08-10T09:00:00Z,917
2014-08-10T10:00:00Z,83
2014-08-10T11:00:00Z,NA
2014-08-10T12:00:00Z,530
2014-08-10T13:00:00Z,263
2014-08-10T14:00:00Z,832
2014-08-10T15:00:00Z,630
2014-08-10T16:00:00Z,NA
2014-08-10T17:00:00Z,82
2014-08-10T18:00:00Z,15
2014-08-10T19:00:00Z,0
2014-08-10T20:00:00Z,NA
2014-08-10T21:00:00Z,0
2014-08-10T22:00:00Z,0
2014-08-10T23:00:00Z,0
2014-08-11T00:00:00Z,0
2014-08-11T01:00:00Z,0
2014-08-11T02:00:00Z,0
2014-08-11T03:00:00Z,0
2014-08-11T04:00:00Z,0
2014-08-11T05:00:00Z,33
2014-08-11T06:00:00Z,148
2014-08-11T07:00:00Z,91
2014-08-11T08:00:00Z,45
2014-08-11T09:00:00Z,535
2014-08-11T10:00:00Z,200
2014-08-11T11:00:00Z,488
2014-08-11T12:00:00Z,535
2014-08-11T13:00:00Z,428
2014-08-11T14:00:00Z,NA
2014-08-11T15:00:00Z,618
2014-08-11T16:00:00Z,NA
2014-08-11T17:00:00Z,73
2014-08-11T18:00:00Z,23
2014-08-11T19:00:00Z,0
2014-08-11T20:00:00Z,0
2014-08-11T21:00:00Z,NA
2014-08-11T22:00:00Z,0
2014-08-11T23:00:00Z,0
2014-08-12T00:00:00Z,NA
2014-08-12T01:00:00Z,0
2014-08-12T02:00:00Z,0
2014-08-12T03:00:00Z,0
2014-08-12T04:00:00Z,0
2014-08-12T05:00:00Z,7
2014-08-12T06:00:00Z,192
2014-08-12T07:00:00Z,405
2014-08-12T08:00:00Z,643
2014-08-12T09:00:00Z,810
2014-08-12T10:00:00Z,793
2014-08-12T11:00:00Z,635
2014-08-12T12:00:00Z,474
2014-08-12T13:00:00Z,146
2014-08-12T14:00:00Z,296
2014-08-12T15:00:00Z,134
2014-08-12T16:00:00Z,94
2014-08-12T17:00:00Z,29
2014-08-12T18:00:00Z,32
2014-08-12T19:00:00Z,0
2014-08-12T20:00:00Z,0
2014-08-12T21:00:00Z,NA
2014-08-12T22:00:00Z,0
2014-08-12T23:00:00Z,0
2014-08-13T00:00:00Z,NA
2014-08-13T01:00:00Z,0
2014-08-13T02:00:00Z,0
2014-08-13T03:00:00Z,0
2014-08-13T04:00:00Z,0
2014-08-13T05:00:00Z,1
2014-08-13T06:00:00Z,21
2014-08-13T07:00:00Z,24
2014-08-13T08:00:00Z,24
2014-08-13T09:00:00Z,328
2014-08-13T10:00:00Z,102
2014-08-13T11:00:00Z,228
2014-08-13T12:00:00Z,164
2014-08-13T13:00:00Z,292
2014-08-13T14:00:00Z,487
2014-08-13T15:00:00Z,31
2014-08-13T16:00:00Z,208
2014-08-13T17:00:00Z,226
2014-08-13T18:00:00Z,54
2014-08-13T19:00:00Z,0
2014-08-13T20:00:00Z,NA
2014-08-13T21:00:00Z,0
2014-08-13T22:00:00Z,0
2014-08-13T23:00:00Z,NA
2014-08-14T00:00:00Z,0
2014-08-14T01:00:00Z,0
2014-08-14T02:00:00Z,0
2014-08-14T03:00:00Z,0
2014-08-14T04:00:00Z,0
2014-08-14T05:00:00Z,NA
2014-08-14T06:00:00Z,36
2014-08-14T07:00:00Z,77
2014-08-14T08:00:00Z,151
2014-08-14T09:00:00Z,593
2014-08-14T10:00:00Z,NA
2014-08-14T11:00:00Z,NA
2014-08-14T12:00:00Z,820
2014-08-14T13:00:00Z,452
2014-08-14T14:00:00Z,NA
2014-08-14T15:00:00Z,NA
2014-08-14T16:00:00Z,205
2014-08-14T17:00:00Z,371
2014-08-14T18:00:00Z,NA
2014-08-14T19:00:00Z,NA
2014-08-14T20:00:00Z,0
2014-08-14T21:00:00Z,NA
2014-08-14T22:00:00Z,0
2014-08-14T23:00:00Z,0
2014-08-15T00:00:00Z,0
2014-08-15T01:00:00Z,0
2014-08-15T02:00:00Z,0
2014-08-15T03:00:00Z,0
2014-08-15T04:00:00Z,0
2014-08-15T05:00:00Z,6
2014-08-15T06:00:00Z,197
2014-08-15T07:00:00Z,414
2014-08-15T08:00:00Z,NA
2014-08-15T09:00:00Z,800
2014-08-15T10:00:00Z,911
2014-08-15T11:00:00Z,993
2014-08-15T12:00:00Z,1016
2014-08-15T13:00:00Z,964
2014-08-15T14:00:00Z,856
2014-08-15T15:00:00Z,687
2014-08-15T16:00:00Z,488
2014-08-15T17:00:00Z,NA
2014-08-15T18:00:00Z,60
2014-08-15T19:00:00Z,0
2014-08-15T20:00:00Z,0
2014-08-15T21:00:00Z,0
2014-08-15T22:00:00Z,0
2014-08-15T23:00:00Z,0
2014-08-16T00:00:00Z,0
2014-08-16T01:00:00Z,NA
2014-08-16T02:00:00Z,0
2014-08-16T03:00:00Z,NA
2014-08-16T04:00:00Z,0
2014-08-16T05:00:00Z,6
2014-08-16T06:00:00Z,195
2014-08-16T07:00:00Z,414
2014-08-16T08:00:00Z,624
2014-08-16T09:00:00Z,803
2014-08-16T10:00:00Z,934
2014-08-16T11:00:00Z,NA
2014-08-16T12:00:00Z,1027
2014-08-16T13:00:00Z,977
2014-08-16T14:00:00Z,865
2014-08-16T15:00:00Z,696
2014-08-16T16:00:00Z,491
2014-08-16T17:00:00Z,270
2014-08-16T18:00:00Z,59
2014-08-16T19:00:00Z,0
2014-08-16T20:00:00Z,0
2014-08-16T21:00:00Z,0
2014-08-16T22:00:00Z,0
2014-08-16T23:00:00Z,NA
2014-08-17T00:00:00Z,0
2014-08-17T01:00:00Z,0
2014-08-17T02:00:00Z,0
2014-08-17T03:00:00Z,0
2014-08-17T04:00:00Z,0
2014-08-17T05:00:00Z,5
2014-08-17T06:00:00Z,196
2014-08-17T07:00:00Z,415
2014-08-17T08:00:00Z,625
2014-08-17T09:00:00Z,NA
2014-08-17T10:00:00Z,936
2014-08-17T11:00:00Z,1007
2014-08-17T12:00:00Z,1020
2014-08-17T13:00:00Z,970
2014-08-17T14:00:00Z,856
2014-08-17T15:00:00Z,688
2014-08-17T16:00:00Z,482
2014-08-17T17:00:00Z,263
2014-08-17T18:00:00Z,51
2014-08-17T19:00:00Z,0
2014-08-17T20:00:00Z,0
2014-08-17T21:00:00Z,0
2014-08-17T22:00:00Z,0
2014-08-17T23:00:00Z,0
2014-08-18T00:00:00Z,0
2014-08-18T01:00:00Z,0
2014-08-18T02:00:00Z,0
2014-08-18T03:00:00Z,0
2014-08-18T04:00:00Z,NA
2014-08-18T05:00:00Z,5
2014-08-18T06:00:00Z,190
2014-08-18T07:00:00Z,409
2014-08-18T08:00:00Z,NA
2014-08-18T09:00:00Z,789
2014-08-18T10:00:00Z,920
2014-08-18T11:00:00Z,994
2014-08-18T12:00:00Z,836
2014-08-18T13:00:00Z,933
2014-08-18T14:00:00Z,615
2014-08-18T15:00:00Z,604
2014-08-18T16:00:00Z,272
2014-08-18T17:00:00Z,327
2014-08-18T18:00:00Z,8
2014-08-18T19:00:00Z,0
2014-08-18T20:00:00Z,0
2014-08-18T21:00:00Z,0
2014-08-18T22:00:00Z,0
2014-08-18T23:00:00Z,NA
2014-08-19T00:00:00Z,0
2014-08-19T01:00:00Z,0
2014-08-19T02:00:00Z,0
2014-08-19T03:00:00Z,0
2014-08-19T04:00:00Z,0
2014-08-19T05:00:00Z,0
2014-08-19T06:00:00Z,7
2014-08-19T07:00:00Z,17
2014-08-19T08:00:00Z,69
2014-08-19T09:00:00Z,NA
2014-08-19T10:00:00Z,394
2014-08-19T11:00:00Z,448
2014-08-19T12:00:00Z,1196
2014-08-19T13:00:00Z,NA
2014-08-19T14:00:00Z,160
2014-08-19T15:00:00Z,NA
2014-08-19T16:00:00Z,26
2014-08-19T17:00:00Z,NA
2014-08-19T18:00:00Z,0
2014-08-19T19:00:00Z,0
2014-08-19T20:00:00Z,0
2014-08-19T21:00:00Z,0
2014-08-19T22:00:00Z,NA
2014-08-19T23:00:00Z,0
2014-08-20T00:00:00Z,0
2014-08-20T01:00:00Z,0
2014-08-20T02:00:00Z,0
2014-08-20T03:00:00Z,0
2014-08-20T04:00:00Z,0
2014-08-20T05:00:00Z,4
2014-08-20T06:00:00Z,189
2014-08-20T07:00:00Z,NA
2014-08-20T08:00:00Z,456
2014-08-20T09:00:00Z,775
2014-08-20T10:00:00Z,1031
2014-08-20T11:00:00Z,998
2014-08-20T12:00:00Z,632
2014-08-20T13:00:00Z,538
2014-08-20T14:00:00Z,433
2014-08-20T15:00:00Z,756
2014-08-20T16:00:00Z,222
2014-08-20T17:00:00Z,243
2014-08-20T18:00:00Z,42
2014-08-20T19:00:00Z,0
2014-08-20T20:00:00Z,0
2014-08-20T21:00:00Z,0
2014-08-20T22:00:00Z,NA
2014-08-20T23:00:00Z,0
2014-08-21T00:00:00Z,0
2014-08-21T01:00:00Z,0
2014-08-21T02:00:00Z,0
2014-08-21T03:00:00Z,0
2014-08-21T04:00:00Z,0
2014-08-21T05:00:00Z,3
2014-08-21T06:00:00Z,103
2014-08-21T07:00:00Z,142
2014-08-21T08:00:00Z,580
2014-08-21T09:00:00Z,747
2014-08-21T10:00:00Z,NA
2014-08-21T11:00:00Z,NA
2014-08-21T12:00:00Z,NA
2014-08-21T13:00:00Z,723
2014-08-21T14:00:00Z,861
2014-08-21T15:00:00Z,528
2014-08-21T16:00:00Z,426
2014-08-21T17:00:00Z,62
2014-08-21T18:00:00Z,18
2014-08-21T19:00:00Z,0
2014-08-21T20:00:00Z,NA
2014-08-21T21:00:00Z,0
2014-08-21T22:00:00Z,0
2014-08-21T23:00:00Z,0
2014-08-22T00:00:00Z,0
2014-08-22T01:00:00Z,0
2014-08-22T02:00:00Z,0
2014-08-22T03:00:00Z,0
2014-08-22T04:00:00Z,0
2014-08-22T05:00:00Z,4
2014-08-22T06:00:00Z,NA
2014-08-22T07:00:00Z,381
2014-08-22T08:00:00Z,590
2014-08-22T09:00:00Z,768
2014-08-22T10:00:00Z,907
2014-08-22T11:00:00Z,738
2014-08-22T12:00:00Z,926
2014-08-22T13:00:00Z,587
2014-08-22T14:00:00Z,803
2014-08-22T15:00:00Z,750
2014-08-22T16:00:00Z,111
2014-08-22T17:00:00Z,8
2014-08-22T18:00:00Z,3
2014-08-22T19:00:00Z,0
2014-08-22T20:00:00Z,0
2014-08-22T21:00:00Z,NA
2014-08-22T22:00:00Z,0
2014-08-22T23:00:00Z,0
2014-08-23T00:00:00Z,0
2014-08-23T01:00:00Z,0
2014-08-23T02:00:00Z,0
2014-08-23T03:00:00Z,0
2014-08-23T04:00:00Z,0
2014-08-23T05:00:00Z,1
2014-08-23T06:00:00Z,NA
2014-08-23T07:00:00Z,380
2014-08-23T08:00:00Z,589
2014-08-23T09:00:00Z,608
2014-08-23T10:00:00Z,900
2014-08-23T11:00:00Z,874
2014-08-23T12:00:00Z,698
2014-08-23T13:00:00Z,863
2014-08-23T14:00:00Z,618
2014-08-23T15:00:00Z,596
2014-08-23T16:00:00Z,536
2014-08-23T17:00:00Z,238
2014-08-23T18:00:00Z,32
2014-08-23T19:00:00Z,0
2014-08-23T20:00:00Z,0
2014-08-23T21:00:00Z,0
2014-08-23T22:00:00Z,0
2014-08-23T23:00:00Z,0
2014-08-24T00:00:00Z,0
2014-08-24T01:00:00Z,0
2014-08-24T02:00:00Z,0
2014-08-24T03:00:00Z,0
2014-08-24T04:00:00Z,0
2014-08-24T05:00:00Z,3
2014-08-24T06:00:00Z,180
2014-08-24T07:00:00Z,NA
2014-08-24T08:00:00Z,617
2014-08-24T09:00:00Z,959
2014-08-24T10:00:00Z,940
2014-08-24T11:00:00Z,924
2014-08-24T12:00:00Z,NA
2014-08-24T13:00:00Z,374
2014-08-24T14:00:00Z,443
2014-08-24T15:00:00Z,254
2014-08-24T16:00:00Z,201
2014-08-24T17:00:00Z,136
2014-08-24T18:00:00Z,28
2014-08-24T19:00:00Z,0
2014-08-24T20:00:00Z,0
2014-08-24T21:00:00Z,0
2014-08-24T22:00:00Z,0
2014-08-24T23:00:00Z,0
2014-08-25T00:00:00Z,0
2014-08-25T01:00:00Z,0
2014-08-25T02:00:00Z,0
2014-08-25T03:00:00Z,0
2014-08-25T04:00:00Z,0
2014-08-25T05:00:00Z,4
2014-08-25T06:00:00Z,141
2014-08-25T07:00:00Z,290
2014-08-25T08:00:00Z,597
2014-08-25T09:00:00Z,782
2014-08-25T10:00:00Z,851
2014-08-25T11:00:00Z,926
2014-08-25T12:00:00Z,988
2014-08-25T13:00:00Z,805
2014-08-25T14:00:00Z,NA
2014-08-25T15:00:00Z,604
2014-08-25T16:00:00Z,290
2014-08-25T17:00:00Z,150
2014-08-25T18:00:00Z,26
2014-08-25T19:00:00Z,0
2014-08-25T20:00:00Z,0
2014-08-25T21:00:00Z,0
2014-08-25T22:00:00Z,0
2014-08-25T23:00:00Z,0
2014-08-26T00:00:00Z,0
2014-08-26T01:00:00Z,0
2014-08-26T02:00:00Z,0
2014-08-26T03:00:00Z,0
2014-08-26T04:00:00Z,0
2014-08-26T05:00:00Z,1
2014-08-26T06:00:00Z,66
2014-08-26T07:00:00Z,128
2014-08-26T08:00:00Z,278
2014-08-26T09:00:00Z,324
2014-08-26T10:00:00Z,523
2014-08-26T11:00:00Z,NA
2014-08-26T12:00:00Z,68
2014-08-26T13:00:00Z,38
2014-08-26T14:00:00Z,NA
2014-08-26T15:00:00Z,17
2014-08-26T16:00:00Z,65
2014-08-26T17:00:00Z,79
2014-08-26T18:00:00Z,34
2014-08-26T19:00:00Z,0
2014-08-26T20:00:00Z,0
2014-08-26T21:00:00Z,0
2014-08-26T22:00:00Z,0
2014-08-26T23:00:00Z,0
2014-08-27T00:00:00Z,NA
2014-08-27T01:00:00Z,0
2014-08-27T02:00:00Z,NA
2014-08-27T03:00:00Z,0
2014-08-27T04:00:00Z,0
2014-08-27T05:00:00Z,NA
2014-08-27T06:00:00Z,29
2014-08-27T07:00:00Z,156
2014-08-27T08:00:00Z,583
2014-08-27T09:00:00Z,756
2014-08-27T10:00:00Z,887
2014-08-27T11:00:00Z,733
2014-08-27T12:00:00Z,716
2014-08-27T13:00:00Z,NA
2014-08-27T14:00:00Z,739
2014-08-27T15:00:00Z,724
2014-08-27T16:00:00Z,399
2014-08-27T17:00:00Z,NA
2014-08-27T18:00:00Z,19
2014-08-27T19:00:00Z,0
2014-08-27T20:00:00Z,0
2014-08-27T21:00:00Z,0
2014-08-27T22:00:00Z,0
2014-08-27T23:00:00Z,0
2014-08-28T00:00:00Z,0
2014-08-28T01:00:00Z,0
2014-08-28T02:00:00Z,0
2014-08-28T03:00:00Z,NA
2014-08-28T04:00:00Z,0
2014-08-28T05:00:00Z,2
2014-08-28T06:00:00Z,163
2014-08-28T07:00:00Z,384
2014-08-28T08:00:00Z,592
2014-08-28T09:00:00Z,767
2014-08-28T10:00:00Z,898
2014-08-28T11:00:00Z,1000
2014-08-28T12:00:00Z,1004
2014-08-28T13:00:00Z,958
2014-08-28T14:00:00Z,NA
2014-08-28T15:00:00Z,644
2014-08-28T16:00:00Z,435
2014-08-28T17:00:00Z,211
2014-08-28T18:00:00Z,14
2014-08-28T19:00:00Z,0
2014-08-28T20:00:00Z,0
2014-08-28T21:00:00Z,0
2014-08-28T22:00:00Z,0
2014-08-28T23:00:00Z,0
2014-08-29T00:00:00Z,0
2014-08-29T01:00:00Z,0
2014-08-29T02:00:00Z,0
2014-08-29T03:00:00Z,0
2014-08-29T04:00:00Z,0
2014-08-29T05:00:00Z,NA
2014-08-29T06:00:00Z,177
2014-08-29T07:00:00Z,373
2014-08-29T08:00:00Z,580
2014-08-29T09:00:00Z,761
2014-08-29T10:00:00Z,NA
2014-08-29T11:00:00Z,919
2014-08-29T12:00:00Z,554
2014-08-29T13:00:00Z,959
2014-08-29T14:00:00Z,385
2014-08-29T15:00:00Z,370
2014-08-29T16:00:00Z,130
2014-08-29T17:00:00Z,NA
2014-08-29T18:00:00Z,20
2014-08-29T19:00:00Z,0
2014-08-29T20:00:00Z,0
2014-08-29T21:00:00Z,0
2014-08-29T22:00:00Z,0
2014-08-29T23:00:00Z,0
2014-08-30T00:00:00Z,0
2014-08-30T01:00:00Z,0
2014-08-30T02:00:00Z,0
2014-08-30T03:00:00Z,0
2014-08-30T04:00:00Z,0
2014-08-30T05:00:00Z,0
2014-08-30T06:00:00Z,21
2014-08-30T07:00:00Z,84
2014-08-30T08:00:00Z,NA
2014-08-30T09:00:00Z,457
2014-08-30T10:00:00Z,377
2014-08-30T11:00:00Z,NA
2014-08-30T12:00:00Z,973
2014-08-30T13:00:00Z,974
2014-08-30T14:00:00Z,807
2014-08-30T15:00:00Z,367
2014-08-30T16:00:00Z,344
2014-08-30T17:00:00Z,115
2014-08-30T18:00:00Z,4
2014-08-30T19:00:00Z,0
2014-08-30T20:00:00Z,0
2014-08-30T21:00:00Z,0
2014-08-30T22:00:00Z,0
2014-08-30T23:00:00Z,0
2014-08-31T00:00:00Z,0
2014-08-31T01:00:00Z,0
2014-08-31T02:00:00Z,0
2014-08-31T03:00:00Z,0
2014-08-31T04:00:00Z,0
2014-08-31T05:00:00Z,1
2014-08-31T06:00:00Z,NA
2014-08-31T07:00:00Z,373
2014-08-31T08:00:00Z,583
2014-08-31T09:00:00Z,762
2014-08-31T10:00:00Z,896
2014-08-31T11:00:00Z,965
2014-08-31T12:00:00Z,966
2014-08-31T13:00:00Z,903
2014-08-31T14:00:00Z,792
2014-08-31T15:00:00Z,611
2014-08-31T16:00:00Z,402
2014-08-31T17:00:00Z,190
2014-08-31T18:00:00Z,16
2014-08-31T19:00:00Z,0
2014-08-31T20:00:00Z,0
2014-08-31T21:00:00Z,0
2014-08-31T22:00:00Z,0
2014-08-31T23:00:00Z,0
